name,identifier,total,mujer,hombre,total_esta,total_otra,total_fuera,mujer_esta,mujer_otra,mujer_fuera,hombre_esta,hombre_otra,hombre_fuera,id
buenos aires,adolfo alsina,42,42,37,42,27,32,42,27,37,37,27,32,379.0
buenos aires,adolfo gonzales chaves,42,32,27,27,32,42,32,37,42,27,32,42,135.0
buenos aires,alberti,42,42,32,42,67,37,42,67,47,32,67,37,90.0
buenos aires,almirante brown,27,27,22,22,67,37,22,67,37,22,67,37,89.0
buenos aires,arrecifes,22,22,22,22,42,32,22,42,37,22,42,32,51.0
buenos aires,avellaneda,42,42,32,22,57,37,22,62,37,22,47,37,149.0
buenos aires,ayacucho,32,32,32,32,32,47,32,32,37,32,37,22,123.0
buenos aires,azul,42,42,42,42,42,37,42,42,37,27,42,37,118.0
buenos aires,bahia blanca,22,22,22,22,22,67,32,22,67,22,22,67,139.0
buenos aires,balcarce,42,42,42,42,62,32,42,52,42,22,62,32,134.0
buenos aires,baradero,22,22,22,22,42,32,22,42,32,22,42,42,169.0
buenos aires,benito juarez,42,42,42,42,67,42,47,67,42,42,57,32,132.0
buenos aires,berazategui,22,22,22,22,67,72,22,67,57,22,62,72,148.0
buenos aires,berisso,22,22,22,22,57,32,22,62,32,22,57,32,146.0
buenos aires,bolivar,32,32,42,42,37,37,32,37,37,42,32,27,113.0
buenos aires,bragado,42,42,42,42,42,42,42,42,42,42,42,42,81.0
buenos aires,brandsen,22,37,22,22,47,32,22,42,32,22,47,47,98.0
buenos aires,campana,22,22,22,22,62,37,22,62,37,22,67,37,168.0
buenos aires,canuelas,32,37,32,22,47,37,22,47,37,22,47,37,95.0
buenos aires,capitan sarmiento,42,42,42,42,42,32,42,42,47,22,42,32,54.0
buenos aires,carlos casares,42,42,27,42,32,37,42,32,37,27,27,27,105.0
buenos aires,carlos tejedor,47,47,42,47,42,37,37,47,47,47,37,37,99.0
buenos aires,carmen de areco,42,42,22,22,37,42,42,42,42,22,37,42,57.0
buenos aires,castelli,22,22,22,22,42,37,22,22,37,22,37,22,162.0
buenos aires,chacabuco,42,42,42,42,42,37,42,42,37,22,42,37,63.0
buenos aires,chascomus,42,42,42,42,42,32,42,42,42,42,62,32,145.0
buenos aires,chivilcoy,42,42,42,42,42,32,42,42,32,42,42,32,80.0
buenos aires,colon,22,32,22,22,42,27,22,42,32,22,42,27,175.0
buenos aires,coronel de marina leonardo rosales,22,42,22,22,47,77,22,27,77,22,47,77,138.0
buenos aires,coronel dorrego,42,42,42,42,42,22,42,42,22,32,47,52,141.0
buenos aires,coronel pringles,32,32,32,32,42,47,27,42,27,32,27,47,136.0
buenos aires,coronel suarez,32,37,32,32,42,37,37,47,37,32,42,32,130.0
buenos aires,daireaux,42,42,32,42,42,32,42,42,32,32,52,32,119.0
buenos aires,dolores,22,42,22,22,47,37,27,47,37,22,42,22,116.0
buenos aires,ensenada,22,22,22,22,67,47,22,62,47,22,67,27,147.0
buenos aires,escobar,42,42,22,22,57,37,22,47,37,22,57,37,58.0
buenos aires,esteban echeverria,27,27,22,22,62,37,22,62,37,22,62,37,87.0
buenos aires,exaltacion de la cruz,42,42,42,22,47,42,22,47,32,22,42,42,56.0
buenos aires,ezeiza,22,27,22,22,42,37,22,42,37,22,42,37,88.0
buenos aires,florencio varela,22,22,22,22,62,37,22,62,37,22,57,37,91.0
buenos aires,florentino ameghino,27,27,22,27,42,27,27,42,27,22,37,32,77.0
buenos aires,general alvarado,42,42,22,22,67,77,42,67,72,22,67,77,144.0
buenos aires,general alvear,32,32,42,27,32,32,32,32,42,42,32,72,111.0
buenos aires,general arenales,42,42,37,42,32,42,42,37,42,37,32,37,399.0
buenos aires,general belgrano,42,42,42,42,42,37,42,67,37,42,42,37,109.0
buenos aires,general guido,32,37,42,37,47,32,37,82,32,42,47,22,121.0
buenos aires,general juan madariaga,42,42,32,22,42,42,42,42,42,22,47,32,127.0
buenos aires,general la madrid,42,42,42,42,47,22,27,37,42,42,47,22,129.0
buenos aires,general las heras,22,22,32,22,62,27,22,47,27,32,62,32,86.0
buenos aires,general lavalle,42,42,42,42,37,72,42,47,72,42,37,77,160.0
buenos aires,general paz,42,42,22,22,42,67,42,42,52,22,57,27,102.0
buenos aires,general pinto,22,22,27,22,47,32,22,47,32,22,42,42,152.0
buenos aires,general pueyrredon,42,42,22,22,62,72,22,67,77,22,62,72,155.0
buenos aires,general rodriguez,32,32,37,22,42,37,22,42,32,22,42,37,70.0
buenos aires,general san martin,32,42,32,22,67,37,27,67,37,22,57,37,66.0
buenos aires,general viamonte,42,42,42,42,32,32,27,22,22,42,32,32,85.0
buenos aires,general villegas,32,27,32,32,42,42,27,47,37,22,32,32,396.0
buenos aires,guamini,42,42,42,42,42,32,42,42,37,42,42,32,124.0
buenos aires,hipolito yrigoyen,32,32,27,47,32,32,47,52,37,27,42,67,115.0
buenos aires,hurlingham,22,42,22,22,67,72,22,67,72,22,67,72,73.0
buenos aires,ituzaingo,42,42,42,42,67,72,42,72,72,22,57,72,76.0
buenos aires,jose c. paz,22,27,22,22,67,37,22,67,37,22,62,37,65.0
buenos aires,junin,42,42,42,42,42,32,42,67,42,42,42,32,60.0
buenos aires,la costa,32,32,32,22,67,37,22,67,32,22,67,37,159.0
buenos aires,la matanza,27,27,27,27,67,37,27,67,37,22,57,37,78.0
buenos aires,lanus,42,42,42,42,62,37,42,67,37,22,42,32,82.0
buenos aires,la plata,22,22,22,22,27,32,22,27,32,22,27,32,93.0
buenos aires,laprida,42,37,42,27,42,37,37,47,47,42,42,37,131.0
buenos aires,las flores,42,42,42,42,37,32,42,27,42,42,37,52,110.0
buenos aires,leandro n. alem,42,42,42,42,42,37,42,42,52,42,57,37,398.0
buenos aires,lezama,32,32,32,32,52,32,32,52,37,42,32,32,601.0
buenos aires,lincoln,42,42,42,42,42,32,42,42,42,42,32,32,75.0
buenos aires,loberia,32,32,32,32,32,27,32,32,32,32,42,27,143.0
buenos aires,lobos,42,42,22,22,47,37,42,47,37,22,42,37,97.0
buenos aires,lomas de zamora,32,32,32,22,67,37,27,67,32,22,62,37,84.0
buenos aires,lujan,42,42,42,22,42,37,27,42,37,22,42,37,62.0
buenos aires,magdalena,27,27,27,27,27,37,27,27,37,27,27,37,164.0
buenos aires,maipu,37,32,37,37,32,32,37,32,37,37,37,32,126.0
buenos aires,malvinas argentinas,22,22,22,22,62,37,22,67,37,22,62,37,64.0
buenos aires,mar chiquita,42,42,42,42,62,72,42,67,37,42,37,72,156.0
buenos aires,marcos paz,27,27,22,22,57,37,22,57,37,22,57,37,83.0
buenos aires,mercedes,37,37,22,22,22,37,37,37,32,22,22,37,68.0
buenos aires,merlo,27,27,22,22,67,37,22,67,37,22,67,37,79.0
buenos aires,monte,42,42,32,42,42,37,42,42,37,32,42,32,103.0
buenos aires,monte hermoso,42,42,32,42,27,37,42,27,37,32,57,37,140.0
buenos aires,moreno,27,27,27,22,62,37,22,67,32,22,62,37,69.0
buenos aires,moron,42,42,42,42,67,77,42,72,77,32,62,72,74.0
buenos aires,navarro,32,32,27,32,42,37,32,42,37,32,27,22,92.0
buenos aires,necochea,42,42,42,42,57,72,42,57,72,42,67,72,142.0
buenos aires,9 de julio,42,42,42,42,32,32,42,37,32,22,32,32,101.0
buenos aires,olavarria,22,42,22,22,32,37,22,42,32,22,32,37,122.0
buenos aires,patagones,32,32,32,27,37,37,27,37,42,27,37,37,391.0
buenos aires,pehuajo,32,32,32,32,32,27,27,32,22,32,32,27,107.0
buenos aires,pellegrini,32,32,27,22,47,32,32,32,27,27,47,32,381.0
buenos aires,pergamino,37,37,37,32,42,37,32,62,37,32,47,37,174.0
buenos aires,pila,32,32,22,22,32,37,27,42,37,22,32,37,112.0
buenos aires,pilar,22,22,22,22,52,37,22,52,37,22,52,37,61.0
buenos aires,pinamar,42,42,37,22,42,37,22,42,37,22,27,32,158.0
buenos aires,presidente peron,22,22,22,22,57,37,22,57,37,22,62,37,94.0
buenos aires,puan,42,42,32,42,32,22,42,27,37,57,32,72,382.0
buenos aires,punta indio,27,32,22,42,27,32,42,27,32,22,57,32,163.0
buenos aires,quilmes,27,27,22,22,67,37,22,67,37,22,62,37,165.0
buenos aires,ramallo,27,27,27,27,47,27,27,42,32,22,47,27,172.0
buenos aires,rauch,42,42,22,42,37,37,42,42,37,22,37,32,117.0
buenos aires,rivadavia,27,32,27,27,32,37,27,32,37,27,32,37,380.0
buenos aires,rojas,42,42,37,37,42,37,42,42,42,22,42,47,52.0
buenos aires,roque perez,32,32,32,22,37,37,42,37,47,22,32,37,104.0
buenos aires,saavedra,42,42,42,42,27,47,42,32,32,42,27,22,133.0
buenos aires,saladillo,42,42,42,42,37,32,42,37,32,42,42,32,106.0
buenos aires,salliquelo,42,42,42,42,52,47,47,52,52,42,27,47,125.0
buenos aires,salto,32,27,32,22,37,37,27,47,27,22,37,37,55.0
buenos aires,san andres de giles,32,27,22,22,42,37,27,42,37,22,37,42,59.0
buenos aires,san antonio de areco,37,37,42,37,42,32,32,57,32,22,42,42,53.0
buenos aires,san cayetano,47,47,27,47,22,37,47,22,37,27,72,22,153.0
buenos aires,san fernando,27,32,27,27,67,37,27,67,42,22,62,37,167.0
buenos aires,san isidro,42,47,22,22,62,77,42,62,77,22,62,77,150.0
buenos aires,san miguel,27,27,27,27,67,37,27,67,37,22,62,32,67.0
buenos aires,san nicolas,42,42,42,22,67,72,42,67,72,22,62,37,173.0
buenos aires,san pedro,22,27,22,22,57,32,22,42,37,22,62,32,171.0
buenos aires,san vicente,22,32,22,22,42,37,22,42,37,22,42,37,96.0
buenos aires,suipacha,32,32,42,32,52,42,32,52,42,22,42,37,71.0
buenos aires,tandil,42,42,22,42,42,32,42,42,32,22,47,37,128.0
buenos aires,tapalque,22,22,22,22,42,32,22,42,67,22,52,27,114.0
buenos aires,tigre,22,42,22,22,47,37,22,47,37,22,47,37,151.0
buenos aires,tordillo,22,27,22,32,42,22,27,42,22,22,27,22,161.0
buenos aires,tornquist,37,37,37,37,62,62,37,62,62,37,72,62,137.0
buenos aires,trenque lauquen,32,32,42,32,42,32,32,37,32,42,42,32,108.0
buenos aires,tres arroyos,42,42,42,42,42,72,42,42,37,42,37,72,154.0
buenos aires,tres de febrero,42,42,42,27,67,32,32,67,32,22,62,32,72.0
buenos aires,tres lomas,32,32,32,32,42,27,32,37,32,32,42,27,120.0
buenos aires,25 de mayo,32,42,32,32,32,32,42,52,32,32,32,32,100.0
buenos aires,vicente lopez,42,47,42,42,47,32,42,47,32,42,47,32,166.0
buenos aires,villa gesell,42,42,32,22,62,37,27,62,37,22,42,37,157.0
buenos aires,villarino,27,27,27,27,42,42,27,42,42,27,42,42,383.0
buenos aires,zarate,22,22,22,22,42,42,22,62,37,22,42,42,170.0
ciudad autonoma de buenos aires,comuna 1,27,27,27,22,32,32,22,32,32,22,32,32,497.0
ciudad autonoma de buenos aires,comuna 2,22,22,22,22,22,27,22,22,27,22,22,27,498.0
ciudad autonoma de buenos aires,comuna 3,32,32,32,22,32,32,22,32,32,22,32,32,499.0
ciudad autonoma de buenos aires,comuna 4,32,32,32,22,42,32,22,42,32,22,42,32,500.0
ciudad autonoma de buenos aires,comuna 5,32,32,32,37,37,32,42,32,32,37,37,32,501.0
ciudad autonoma de buenos aires,comuna 6,37,42,37,42,42,32,42,42,32,37,37,32,502.0
ciudad autonoma de buenos aires,comuna 7,32,42,32,22,42,32,42,62,32,22,47,32,503.0
ciudad autonoma de buenos aires,comuna 8,22,22,22,22,57,37,22,57,37,22,42,37,504.0
ciudad autonoma de buenos aires,comuna 9,42,42,42,22,42,32,22,67,32,22,42,32,505.0
ciudad autonoma de buenos aires,comuna 10,42,42,42,42,42,32,47,62,32,42,42,32,506.0
ciudad autonoma de buenos aires,comuna 11,42,42,42,42,42,32,42,47,32,42,42,32,507.0
ciudad autonoma de buenos aires,comuna 12,37,37,37,42,37,32,42,37,32,42,37,32,508.0
ciudad autonoma de buenos aires,comuna 13,32,32,32,47,37,32,47,37,32,47,37,32,509.0
ciudad autonoma de buenos aires,comuna 14,32,32,32,32,32,32,27,32,32,32,32,32,510.0
ciudad autonoma de buenos aires,comuna 15,32,32,32,37,37,32,37,32,32,37,37,32,511.0
catamarca,ambato,22,27,22,22,57,22,27,57,42,22,37,22,281.0
catamarca,ancasti,22,22,27,22,42,37,22,42,37,22,37,42,277.0
catamarca,andalgala,22,22,27,22,42,47,22,42,47,22,47,47,280.0
catamarca,antofagasta de la sierra,22,22,22,22,27,27,22,22,27,22,27,0,344.0
catamarca,belen,27,27,27,27,37,57,27,37,52,27,37,32,278.0
catamarca,capayan,22,22,22,22,42,52,22,42,22,22,42,52,394.0
catamarca,capital,22,27,22,22,42,37,22,42,47,22,42,37,276.0
catamarca,el alto,22,27,22,27,22,57,27,27,52,27,22,57,284.0
catamarca,fray mamerto esquiu,22,22,22,22,42,37,22,42,37,22,47,37,513.0
catamarca,la paz,22,22,22,22,42,42,22,42,52,22,42,42,285.0
catamarca,paclin,22,22,22,22,42,42,22,42,42,22,47,42,282.0
catamarca,poman,27,27,22,22,42,52,22,42,47,22,42,52,286.0
catamarca,santa maria,27,27,22,22,42,32,27,42,32,22,42,52,279.0
catamarca,santa rosa,22,22,22,22,47,42,22,47,42,22,42,57,283.0
catamarca,tinogasta,27,27,27,27,27,32,27,32,32,27,27,22,345.0
catamarca,valle viejo,22,27,22,22,42,37,22,42,37,22,42,42,512.0
chaco,almirante brown,22,22,22,22,27,32,22,27,47,22,47,27,428.0
chaco,bermejo,22,27,22,22,27,72,27,27,82,22,22,72,365.0
chaco,chacabuco,27,27,27,27,37,32,27,27,32,27,37,32,321.0
chaco,comandante fernandez,22,22,22,22,22,22,22,27,42,22,22,22,304.0
chaco,12 de octubre,27,27,22,22,47,27,27,42,62,22,47,27,320.0
chaco,2 de abril,22,27,22,22,47,27,27,47,32,22,52,27,314.0
chaco,fray justo santa maria de oro,27,27,22,27,42,22,27,42,22,22,27,22,318.0
chaco,general belgrano,22,22,22,22,52,27,22,27,27,22,52,32,306.0
chaco,general donovan,22,32,22,22,47,37,22,47,37,22,47,32,307.0
chaco,general guemes,22,27,22,22,27,27,22,27,37,22,27,27,367.0
chaco,independencia,22,27,22,22,27,27,27,27,47,22,22,27,305.0
chaco,libertad,27,22,27,27,42,42,22,37,42,27,47,32,316.0
chaco,libertador general san martin,22,22,22,22,32,77,22,32,52,22,22,67,366.0
chaco,maipu,27,27,22,27,27,22,27,32,27,22,27,77,302.0
chaco,mayor luis j. fontana,27,27,27,27,47,32,27,32,32,27,47,22,317.0
chaco,9 de julio,27,27,27,27,27,27,27,27,37,27,42,27,313.0
chaco,o'higgins,22,22,22,22,27,87,22,27,87,22,22,22,312.0
chaco,presidencia de la plaza,22,22,22,22,22,57,22,22,37,22,22,57,310.0
chaco,1deg de mayo,27,27,22,22,27,37,27,47,37,22,27,52,319.0
chaco,quitilipi,22,22,22,22,27,32,22,27,77,22,37,32,309.0
chaco,san fernando,27,27,27,27,47,67,27,47,67,27,42,32,447.0
chaco,san lorenzo,22,22,22,22,22,47,22,27,32,22,22,37,311.0
chaco,sargento cabral,22,22,22,22,22,32,22,22,47,22,22,32,303.0
chaco,tapenaga,22,22,27,22,52,57,22,62,57,27,52,62,315.0
chaco,25 de mayo,22,27,22,22,32,22,27,32,47,22,22,52,308.0
chubut,biedma,42,42,37,22,42,37,27,42,37,22,42,42,373.0
chubut,cushamen,42,42,42,27,42,52,37,42,52,27,42,72,493.0
chubut,escalante,32,32,32,32,37,67,32,37,67,27,37,67,298.0
chubut,florentino ameghino,27,27,37,27,37,37,27,27,32,37,37,37,299.0
chubut,futaleufu,37,37,42,22,42,62,37,42,67,22,42,72,350.0
chubut,gaiman,22,32,22,22,47,32,32,47,32,22,47,72,293.0
chubut,gastre,42,32,42,42,32,37,42,27,42,42,32,37,375.0
chubut,languineo,27,27,27,27,32,57,27,47,52,22,32,57,292.0
chubut,martires,57,32,57,57,47,47,32,47,27,57,22,57,294.0
chubut,paso de indios,27,27,27,27,32,52,27,22,32,27,32,52,295.0
chubut,rawson,42,42,27,27,42,67,27,47,67,27,42,67,296.0
chubut,rio senguer,27,32,27,27,32,67,27,32,67,27,32,77,445.0
chubut,sarmiento,27,27,37,27,32,42,27,32,47,22,32,57,491.0
chubut,tehuelches,32,32,37,32,32,32,32,32,32,32,42,67,297.0
chubut,telsen,32,32,42,32,32,32,32,32,32,42,22,47,374.0
cordoba,calamuchita,42,42,42,22,42,37,22,42,37,22,42,42,378.0
cordoba,capital,22,22,22,22,22,32,22,22,32,22,22,32,329.0
cordoba,colon,42,42,42,22,42,42,42,42,42,22,42,42,327.0
cordoba,cruz del eje,27,27,27,27,42,32,22,42,32,27,42,32,326.0
cordoba,general roca,32,32,42,32,42,37,32,42,37,22,42,27,397.0
cordoba,general san martin,27,27,32,22,27,37,22,27,37,32,32,32,339.0
cordoba,ischilin,22,22,22,22,42,42,22,47,42,22,42,37,324.0
cordoba,juarez celman,27,27,32,27,27,32,32,27,37,27,42,32,342.0
cordoba,marcos juarez,42,42,42,42,42,37,42,47,37,42,42,37,338.0
cordoba,minas,27,27,27,27,62,22,27,62,0,27,62,22,331.0
cordoba,pocho,22,22,22,22,67,72,22,57,72,22,67,32,332.0
cordoba,presidente roque saenz pena,42,42,22,22,42,42,42,42,42,22,42,27,393.0
cordoba,punilla,42,42,42,22,42,42,22,42,42,22,42,42,328.0
cordoba,rio cuarto,22,22,22,22,22,32,22,22,37,22,22,32,343.0
cordoba,rio primero,22,22,22,22,42,32,22,32,22,22,42,32,340.0
cordoba,rio seco,27,22,27,27,47,37,22,47,42,27,52,37,433.0
cordoba,rio segundo,22,22,22,22,42,32,22,42,37,22,37,32,335.0
cordoba,san alberto,22,27,22,22,47,42,27,47,42,22,42,42,333.0
cordoba,san javier,42,42,42,22,42,37,27,42,47,22,42,37,334.0
cordoba,san justo,32,32,27,22,32,32,32,37,32,22,32,32,336.0
cordoba,santa maria,42,42,42,42,42,37,42,42,37,42,42,37,330.0
cordoba,sobremonte,22,27,22,27,32,22,27,37,47,22,32,32,322.0
cordoba,tercero arriba,42,42,42,22,42,37,37,42,42,22,42,37,341.0
cordoba,totoral,42,42,27,22,42,32,22,42,37,27,42,32,325.0
cordoba,tulumba,22,22,27,22,32,37,22,32,37,27,47,67,323.0
cordoba,union,42,42,27,42,42,37,42,42,37,27,37,37,337.0
corrientes,bella vista,22,27,22,22,42,32,27,42,42,22,42,47,49.0
corrientes,beron de astrada,22,22,22,22,32,42,22,27,37,22,42,72,35.0
corrientes,capital,22,22,22,22,22,32,22,22,67,22,42,27,33.0
corrientes,concepcion,22,22,22,22,32,37,22,27,37,22,32,37,28.0
corrientes,curuzu cuatia,22,27,22,22,32,32,27,27,32,22,32,37,42.0
corrientes,empedrado,22,22,22,22,42,57,27,37,57,22,42,57,50.0
corrientes,esquina,22,22,22,22,22,37,22,22,27,22,22,37,44.0
corrientes,general alvear,22,22,22,22,22,37,22,37,32,22,22,52,38.0
corrientes,general paz,22,22,22,22,37,67,22,37,67,22,37,77,36.0
corrientes,goya,27,27,22,22,42,37,27,32,32,22,42,37,47.0
corrientes,itati,27,27,27,27,37,77,27,27,37,27,37,77,34.0
corrientes,ituzaingo,22,22,22,22,42,52,22,42,52,22,42,67,45.0
corrientes,lavalle,22,22,22,22,32,27,22,32,32,22,32,27,48.0
corrientes,mburucuya,22,22,22,22,27,62,22,32,37,22,27,57,31.0
corrientes,mercedes,27,22,27,22,27,52,22,27,52,27,27,37,27.0
corrientes,monte caseros,22,22,22,22,22,37,22,27,37,22,32,47,41.0
corrientes,paso de los libres,27,27,22,27,42,52,27,42,52,22,42,32,40.0
corrientes,saladas,22,22,22,22,22,32,22,37,27,22,22,57,30.0
corrientes,san cosme,27,27,22,22,42,32,27,52,32,22,42,32,448.0
corrientes,san luis del palmar,22,27,22,22,37,42,27,27,42,22,22,32,32.0
corrientes,san martin,22,22,32,22,27,62,22,47,62,32,42,32,39.0
corrientes,san miguel,22,22,22,22,22,52,22,22,42,22,32,67,46.0
corrientes,san roque,22,27,22,22,27,27,22,27,37,22,22,27,29.0
corrientes,santo tome,22,22,22,22,22,22,22,22,22,22,22,22,37.0
corrientes,sauce,27,27,27,27,22,47,27,22,47,27,42,32,43.0
entre rios,colon,32,32,32,32,42,37,32,42,52,32,42,37,3.0
entre rios,concordia,22,22,22,22,37,52,22,37,52,22,37,52,1.0
entre rios,diamante,22,22,22,27,22,22,27,22,22,27,22,22,15.0
entre rios,federacion,27,27,27,27,37,42,27,37,37,27,42,32,11.0
entre rios,federal,22,22,22,22,27,37,22,27,37,22,37,37,5.0
entre rios,feliciano,22,27,22,22,37,52,27,32,27,22,37,52,13.0
entre rios,gualeguay,27,27,27,27,42,27,27,37,32,27,42,27,10.0
entre rios,gualeguaychu,42,42,42,42,42,52,42,42,42,42,42,52,8.0
entre rios,islas del ibicuy,27,27,22,22,27,52,27,27,52,22,32,37,9.0
entre rios,la paz,22,27,22,22,32,32,27,37,32,22,32,32,12.0
entre rios,nogoya,32,32,27,32,42,37,32,42,62,27,32,77,6.0
entre rios,parana,22,32,22,22,42,37,22,42,37,22,42,32,17.0
entre rios,san salvador,27,32,27,27,32,27,22,42,27,27,27,47,2.0
entre rios,tala,27,32,27,22,37,52,22,32,52,27,37,27,7.0
entre rios,uruguay,22,22,22,22,37,37,22,37,22,22,32,37,16.0
entre rios,victoria,32,37,32,22,42,37,22,42,37,22,47,27,14.0
entre rios,villaguay,22,22,22,22,27,27,22,22,27,22,37,52,4.0
formosa,bermejo,22,22,22,22,42,52,22,42,52,22,42,47,364.0
formosa,formosa,27,27,27,27,42,72,27,42,67,27,42,72,275.0
formosa,laishi,22,22,22,22,47,77,22,42,37,22,47,77,361.0
formosa,matacos,27,27,27,27,37,37,27,37,37,27,37,57,426.0
formosa,patino,22,27,22,22,27,37,22,27,32,22,32,37,363.0
formosa,pilagas,27,27,22,27,27,77,27,22,67,22,27,72,360.0
formosa,pilcomayo,27,27,22,22,42,72,27,42,57,22,42,72,274.0
formosa,pirane,27,22,27,22,32,72,22,32,72,27,67,77,362.0
formosa,ramon lista,22,22,22,22,42,32,22,42,32,22,22,32,273.0
jujuy,cochinoca,22,22,22,22,22,22,22,22,22,22,22,22,260.0
jujuy,doctor manuel belgrano,27,27,27,27,42,57,27,42,57,27,42,42,
jujuy,el carmen,22,22,22,22,22,67,22,27,67,22,22,67,264.0
jujuy,humahuaca,27,22,27,27,27,37,27,22,32,27,27,37,267.0
jujuy,ledesma,22,27,22,22,27,72,22,27,77,22,42,72,266.0
jujuy,palpala,42,42,22,42,47,72,42,47,72,22,47,77,259.0
jujuy,rinconada,22,32,22,22,32,72,22,32,72,22,27,37,272.0
jujuy,san antonio,42,42,42,42,42,57,42,42,57,42,52,57,263.0
jujuy,san pedro,27,27,27,27,27,77,27,27,77,27,22,67,270.0
jujuy,santa barbara,27,27,22,22,52,62,27,52,57,22,52,62,265.0
jujuy,santa catalina,22,22,22,22,22,47,22,22,27,22,22,62,269.0
jujuy,susques,22,22,22,22,22,52,22,22,22,22,22,52,421.0
jujuy,tilcara,27,27,22,22,42,37,27,37,37,22,42,37,258.0
jujuy,tumbaya,22,22,27,22,27,22,22,27,22,22,27,42,261.0
jujuy,valle grande,22,27,22,27,42,22,27,42,22,22,22,22,271.0
jujuy,yavi,22,22,22,22,37,42,22,37,42,22,22,42,268.0
la pampa,atreuco,32,37,32,32,62,37,32,37,37,32,57,27,387.0
la pampa,caleu caleu,32,37,32,37,32,62,37,42,62,22,32,82,388.0
la pampa,capital,32,32,32,32,42,67,27,42,37,32,42,67,251.0
la pampa,catrilo,32,32,27,27,42,67,22,42,67,27,42,32,386.0
la pampa,chalileo,27,27,27,27,47,42,27,47,22,27,42,42,248.0
la pampa,chapaleufu,42,37,42,32,42,22,32,42,32,22,42,22,392.0
la pampa,chical co,27,37,27,32,37,42,32,27,42,27,47,0,495.0
la pampa,conhelo,32,32,32,32,47,37,32,47,37,32,42,67,257.0
la pampa,curaco,32,32,37,32,37,37,32,27,57,27,37,27,254.0
la pampa,guatrache,42,42,37,22,42,42,22,42,42,22,47,37,389.0
la pampa,hucal,42,42,42,42,47,37,37,47,37,32,42,77,390.0
la pampa,lihuel calel,32,32,32,32,52,42,52,32,32,32,52,22,255.0
la pampa,limay mahuida,37,32,37,32,47,72,32,32,0,37,47,72,252.0
la pampa,loventue,27,27,32,27,42,42,27,42,42,32,47,67,249.0
la pampa,maraco,27,32,27,27,42,32,27,42,32,27,42,47,384.0
la pampa,puelen,32,32,32,27,32,42,27,32,62,27,42,42,496.0
la pampa,quemu quemu,42,42,32,32,42,42,27,42,42,32,47,67,385.0
la pampa,rancul,32,37,32,32,42,42,32,42,42,32,47,47,256.0
la pampa,realico,32,32,32,32,47,32,27,47,37,32,57,32,246.0
la pampa,toay,42,37,42,37,42,57,37,42,52,42,42,32,250.0
la pampa,trenel,32,32,32,32,47,42,32,47,37,27,42,42,247.0
la pampa,utracan,32,32,32,32,32,32,32,32,32,32,32,32,253.0
la rioja,arauco,27,27,27,27,42,42,27,37,42,27,47,57,245.0
la rioja,angel vicente penaloza,22,22,22,22,42,27,22,42,27,22,57,27,234.0
la rioja,capital,27,27,27,27,42,22,27,42,22,27,42,22,432.0
la rioja,castro barros,27,27,32,27,52,37,27,52,37,32,42,32,231.0
la rioja,chamical,27,27,27,27,47,37,27,37,37,27,47,67,240.0
la rioja,chilecito,27,27,27,27,42,32,27,42,42,27,42,32,233.0
la rioja,famatina,27,27,27,27,42,42,27,52,37,27,42,32,243.0
la rioja,general belgrano,27,27,27,27,47,37,27,32,37,27,47,37,239.0
la rioja,general felipe varela,27,27,32,27,42,42,27,42,42,27,32,47,395.0
la rioja,general juan facundo quiroga,27,27,27,27,67,32,27,27,32,27,67,32,236.0
la rioja,general lamadrid,32,32,27,27,47,47,27,47,47,32,47,42,300.0
la rioja,general ortiz de ocampo,27,27,27,27,27,42,27,27,27,22,32,42,238.0
la rioja,general san martin,27,27,27,27,37,52,27,52,52,22,27,27,241.0
la rioja,independencia,22,22,42,22,47,57,22,27,57,22,57,27,235.0
la rioja,rosario vera penaloza,27,27,27,27,32,22,27,32,22,27,32,22,237.0
la rioja,san blas de los sauces,27,27,32,27,37,32,27,42,22,22,37,32,244.0
la rioja,sanagasta,27,27,22,27,42,37,27,37,37,22,42,72,232.0
la rioja,vinchina,27,27,27,27,42,72,27,42,27,27,42,72,242.0
mendoza,capital,32,32,32,32,32,37,32,32,52,32,32,32,224.0
mendoza,general alvear,27,32,27,27,42,72,32,42,72,27,42,77,228.0
mendoza,godoy cruz,32,32,32,32,42,57,32,72,72,32,42,52,225.0
mendoza,guaymallen,27,27,27,27,47,47,27,42,52,22,47,47,221.0
mendoza,junin,27,27,22,27,67,57,27,67,57,22,42,67,226.0
mendoza,la paz,27,27,27,27,42,32,27,62,32,27,32,37,229.0
mendoza,las heras,27,27,27,27,47,52,27,67,52,22,42,52,437.0
mendoza,lavalle,27,27,27,27,42,47,22,42,47,27,42,47,438.0
mendoza,lujan de cuyo,22,22,22,22,42,42,22,42,42,22,42,37,349.0
mendoza,maipu,27,27,22,22,42,42,27,37,42,22,42,42,223.0
mendoza,malargue,27,27,32,27,42,32,27,42,32,27,42,37,439.0
mendoza,rivadavia,27,27,27,27,67,42,27,67,42,27,27,47,227.0
mendoza,san carlos,27,22,27,22,42,42,22,42,42,27,42,27,347.0
mendoza,san martin,27,27,27,27,67,32,27,62,52,27,67,32,220.0
mendoza,san rafael,22,22,22,22,42,72,22,37,72,22,42,72,230.0
mendoza,santa rosa,27,27,27,27,67,52,22,27,52,27,57,47,222.0
mendoza,tunuyan,27,27,27,27,32,42,27,32,42,22,42,47,348.0
mendoza,tupungato,27,27,22,22,27,37,27,27,42,22,37,32,346.0
misiones,apostoles,22,22,22,22,32,37,22,27,37,22,32,32,20.0
misiones,cainguas,22,22,22,22,22,72,22,22,67,22,22,57,18.0
misiones,candelaria,22,22,22,22,42,37,22,42,37,22,42,42,21.0
misiones,capital,22,22,22,22,42,67,22,42,67,22,42,67,24.0
misiones,concepcion,22,22,22,22,37,72,22,32,57,22,37,72,357.0
misiones,eldorado,27,27,27,27,27,72,27,42,72,27,27,72,25.0
misiones,general manuel belgrano,22,27,22,22,37,62,27,37,52,22,37,62,358.0
misiones,guarani,22,22,22,22,37,72,22,22,72,22,37,72,353.0
misiones,iguazu,27,27,27,27,37,37,27,37,37,27,42,37,401.0
misiones,leandro n. alem,22,22,22,22,42,62,22,42,62,22,22,62,19.0
misiones,libertador general san martin,22,27,22,22,32,77,27,32,77,22,32,72,23.0
misiones,montecarlo,22,27,22,22,22,67,27,27,32,22,22,72,22.0
misiones,obera,22,22,22,22,22,67,22,22,77,22,22,72,355.0
misiones,san ignacio,22,22,22,22,32,72,22,32,67,22,32,72,359.0
misiones,san javier,22,22,22,22,32,72,22,27,77,22,32,67,356.0
misiones,san pedro,22,22,22,22,22,67,22,27,67,22,22,67,26.0
misiones,25 de mayo,22,27,22,22,22,72,27,22,72,22,27,67,354.0
neuquen,alumine,37,37,27,27,32,62,37,37,57,27,32,62,462.0
neuquen,anelo,27,27,27,27,27,57,27,27,57,22,27,57,466.0
neuquen,catan lil,32,32,37,32,32,67,32,32,77,37,32,67,460.0
neuquen,chos malal,32,32,32,32,32,62,32,32,52,32,32,62,471.0
neuquen,collon cura,27,27,27,27,57,62,27,47,62,27,57,72,458.0
neuquen,confluencia,32,32,32,32,42,57,27,42,57,32,42,57,464.0
neuquen,huiliches,32,32,27,27,42,52,32,42,52,27,37,62,459.0
neuquen,lacar,32,32,32,32,42,57,32,42,62,27,42,57,457.0
neuquen,loncopue,42,27,42,42,42,47,27,37,57,42,42,47,467.0
neuquen,los lagos,42,42,37,27,42,52,32,42,52,27,42,52,456.0
neuquen,minas,42,42,32,42,32,57,42,32,67,27,32,47,470.0
neuquen,norquin,32,32,47,37,32,47,27,32,52,37,32,67,468.0
neuquen,pehuenches,42,32,42,22,42,42,27,42,42,22,42,37,469.0
neuquen,picun leufu,32,32,27,27,42,67,32,42,72,27,42,67,461.0
neuquen,picunches,27,27,27,27,27,62,27,27,62,22,27,62,465.0
neuquen,zapala,32,32,32,32,42,62,32,42,62,32,32,62,463.0
rio negro,adolfo alsina,42,42,32,27,42,37,27,42,62,22,42,57,443.0
rio negro,avellaneda,22,27,22,22,42,67,27,42,67,22,32,67,440.0
rio negro,bariloche,32,32,32,27,42,57,32,42,57,27,42,57,446.0
rio negro,conesa,27,27,27,27,42,32,27,42,32,27,42,32,291.0
rio negro,el cuy,42,37,42,42,37,52,47,37,47,42,22,52,376.0
rio negro,general roca,32,32,32,27,42,67,27,42,67,22,42,67,441.0
rio negro,9 de julio,32,32,32,32,27,22,32,37,22,32,52,27,370.0
rio negro,norquinco,37,32,37,37,42,22,22,42,22,37,42,57,371.0
rio negro,pichi mahuida,32,27,32,32,37,67,32,37,67,32,42,67,442.0
rio negro,pilcaniyeu,42,42,47,42,42,57,27,42,57,37,47,47,377.0
rio negro,san antonio,27,42,27,22,42,72,27,42,72,22,42,77,369.0
rio negro,valcheta,22,27,22,22,57,42,27,52,42,22,57,42,368.0
rio negro,25 de mayo,27,27,27,27,27,57,32,27,57,27,27,27,372.0
salta,anta,27,27,22,22,27,32,27,27,32,22,27,32,427.0
salta,cachi,22,27,22,22,32,47,27,32,42,22,37,47,205.0
salta,cafayate,27,27,27,27,37,37,27,37,37,27,37,62,215.0
salta,capital,27,27,27,27,42,52,27,42,52,22,42,42,204.0
salta,cerrillos,22,22,22,22,42,42,22,42,42,22,42,47,206.0
salta,chicoana,22,22,22,22,27,72,22,27,72,22,37,72,207.0
salta,general guemes,22,27,22,22,42,42,22,42,42,22,27,37,217.0
salta,general jose de san martin,22,22,22,22,27,47,22,32,47,22,27,47,210.0
salta,guachipas,22,22,22,22,27,62,22,42,62,22,27,22,214.0
salta,iruya,22,22,22,22,22,32,22,27,32,22,22,37,424.0
salta,la caldera,22,42,22,22,47,47,22,47,42,22,47,47,423.0
salta,la candelaria,22,22,22,22,27,42,22,27,57,22,42,42,213.0
salta,la poma,22,22,22,22,22,42,22,22,0,22,47,42,422.0
salta,la vina,22,22,22,22,27,57,22,27,52,22,22,57,208.0
salta,los andes,22,22,22,22,32,27,22,32,27,22,37,42,420.0
salta,metan,27,27,22,22,22,27,27,32,27,22,22,27,212.0
salta,molinos,22,22,22,22,47,32,22,47,32,22,42,52,216.0
salta,oran,27,27,22,27,42,57,27,27,52,22,42,57,425.0
salta,rivadavia,22,22,22,22,27,37,22,27,37,22,22,57,211.0
salta,rosario de la frontera,22,22,22,22,47,37,22,47,37,22,52,47,431.0
salta,rosario de lerma,22,27,22,22,37,57,22,37,72,22,47,52,219.0
salta,san carlos,27,27,22,27,42,42,27,42,67,22,37,42,218.0
salta,santa victoria,22,22,22,22,22,42,22,27,42,22,22,22,209.0
san juan,albardon,22,22,22,22,37,37,22,27,77,22,37,52,191.0
san juan,angaco,22,22,22,22,27,72,22,32,72,22,27,37,190.0
san juan,calingasta,27,32,27,27,32,77,27,32,77,27,32,72,301.0
san juan,capital,32,27,32,27,32,32,27,32,27,27,32,32,196.0
san juan,caucete,22,22,22,22,27,72,22,22,72,22,27,72,201.0
san juan,chimbas,22,22,22,22,32,72,22,27,52,22,32,67,193.0
san juan,iglesia,32,32,22,32,47,37,32,47,27,22,52,32,435.0
san juan,jachal,27,27,27,27,32,37,27,27,47,22,32,37,202.0
san juan,9 de julio,22,22,22,22,22,27,22,22,27,22,22,27,197.0
san juan,pocito,22,22,22,22,42,32,22,42,32,22,37,32,199.0
san juan,rawson,22,22,22,22,32,72,22,32,72,22,42,72,198.0
san juan,rivadavia,22,22,22,22,42,27,22,42,27,22,37,47,194.0
san juan,san martin,22,22,22,22,32,22,22,32,37,22,32,22,200.0
san juan,santa lucia,22,42,22,22,42,32,22,42,57,22,42,37,195.0
san juan,sarmiento,22,22,22,22,27,32,22,22,47,22,32,32,436.0
san juan,ullum,22,22,22,22,42,57,22,22,32,22,42,57,189.0
san juan,valle fertil,27,27,27,27,27,42,27,22,42,27,27,42,434.0
san juan,25 de mayo,22,22,22,22,27,42,22,22,42,22,27,72,203.0
san juan,zonda,22,22,22,22,42,42,22,32,37,22,42,42,192.0
san luis,ayacucho,27,32,27,22,42,57,22,32,32,22,37,52,187.0
san luis,belgrano,42,22,42,22,42,52,22,37,22,22,42,77,455.0
san luis,chacabuco,27,42,22,27,42,42,27,42,42,22,42,57,449.0
san luis,coronel pringles,22,22,27,22,42,47,22,47,37,27,42,47,453.0
san luis,general pedernera,22,22,22,22,42,52,22,42,52,22,42,57,451.0
san luis,gobernador dupuy,22,22,22,22,42,37,22,27,37,22,42,37,188.0
san luis,juan martin de pueyrredon,27,27,22,22,42,47,22,42,47,22,42,42,450.0
san luis,junin,42,42,42,22,42,37,22,42,32,22,42,37,454.0
san luis,libertador general san martin,22,32,22,22,47,47,32,47,52,22,47,47,452.0
santa cruz,corpen aike,32,32,37,32,32,37,32,32,37,22,37,42,289.0
santa cruz,deseado,32,32,32,22,42,37,32,42,37,22,42,37,290.0
santa cruz,guer aike,32,32,32,32,42,67,32,42,67,32,42,67,514.0
santa cruz,lago argentino,42,42,42,22,42,37,32,42,42,22,42,57,352.0
santa cruz,lago buenos aires,32,32,32,32,32,57,32,32,57,27,32,42,494.0
santa cruz,magallanes,32,32,27,27,32,52,27,37,52,27,27,27,288.0
santa cruz,rio chico,32,32,37,32,32,37,32,32,37,32,37,37,351.0
santa fe,belgrano,42,42,42,42,42,32,42,42,32,27,42,32,413.0
santa fe,caseros,42,42,42,42,42,37,42,42,37,37,42,37,414.0
santa fe,castellanos,32,32,32,32,42,32,32,37,32,32,42,32,412.0
santa fe,constitucion,37,42,37,37,67,27,37,67,42,22,62,27,419.0
santa fe,garay,27,27,27,27,27,42,27,27,27,22,42,42,409.0
santa fe,general lopez,32,32,42,27,47,32,32,47,42,27,42,32,406.0
santa fe,general obligado,27,27,27,27,42,32,27,42,37,22,42,32,417.0
santa fe,iriondo,42,37,42,42,42,32,37,42,32,42,42,27,402.0
santa fe,la capital,22,27,22,22,27,32,27,27,27,22,42,32,418.0
santa fe,las colonias,22,42,22,22,22,37,42,22,27,22,42,32,404.0
santa fe,9 de julio,27,27,22,22,42,32,27,42,32,22,37,32,415.0
santa fe,rosario,32,32,32,32,57,27,32,57,22,32,57,32,407.0
santa fe,san cristobal,27,27,27,27,32,37,27,27,37,27,32,37,492.0
santa fe,san javier,27,27,27,27,42,42,27,42,27,27,42,57,410.0
santa fe,san jeronimo,27,42,27,27,47,47,42,47,47,27,42,37,405.0
santa fe,san justo,27,27,22,27,27,32,27,27,32,22,37,22,403.0
santa fe,san lorenzo,42,42,42,42,42,37,42,42,37,42,42,37,408.0
santa fe,san martin,32,42,32,32,42,27,27,42,37,32,42,27,416.0
santa fe,vera,22,27,22,22,27,27,27,22,72,22,27,57,411.0
santiago del estero,aguirre,22,22,22,22,22,57,22,22,22,22,22,27,528.0
santiago del estero,alberdi,22,22,22,22,32,42,22,32,42,22,32,42,180.0
santiago del estero,atamisqui,22,22,22,22,22,37,22,32,22,22,27,37,522.0
santiago del estero,avellaneda,22,22,22,22,52,57,22,27,22,22,47,57,178.0
santiago del estero,banda,22,22,27,22,42,37,22,42,37,22,42,42,515.0
santiago del estero,belgrano,27,27,27,27,37,57,27,27,22,27,37,52,527.0
santiago del estero,capital,22,27,22,22,42,32,22,32,32,22,42,52,517.0
santiago del estero,choya,22,27,22,22,47,27,27,47,42,22,42,27,186.0
santiago del estero,copo,22,22,22,22,27,27,22,27,32,22,27,27,429.0
santiago del estero,figueroa,22,22,22,22,22,27,27,22,27,22,37,57,177.0
santiago del estero,general taboada,22,22,22,22,27,27,22,27,22,22,37,27,183.0
santiago del estero,guasayan,22,27,22,27,22,32,27,27,32,22,22,67,524.0
santiago del estero,jimenez,27,27,27,27,27,37,27,27,42,27,22,37,525.0
santiago del estero,juan felipe ibarra,22,22,22,22,27,32,22,27,47,22,42,32,182.0
santiago del estero,loreto,22,22,22,22,27,42,22,42,52,22,27,22,523.0
santiago del estero,mitre,27,27,27,27,22,0,27,42,0,57,22,0,520.0
santiago del estero,moreno,22,22,22,22,27,32,22,27,32,22,37,62,181.0
santiago del estero,ojo de agua,22,22,22,22,27,42,22,27,42,22,27,52,185.0
santiago del estero,pellegrini,22,22,22,22,22,37,22,22,42,22,22,37,176.0
santiago del estero,quebrachos,27,22,27,27,27,27,22,22,52,27,27,27,526.0
santiago del estero,rio hondo,22,22,22,22,42,37,22,42,37,22,42,42,430.0
santiago del estero,rivadavia,27,32,22,27,22,32,27,32,32,37,22,57,184.0
santiago del estero,robles,22,22,22,22,42,32,22,27,37,22,22,32,516.0
santiago del estero,salavina,22,22,22,22,27,52,22,27,52,22,27,57,179.0
santiago del estero,san martin,22,22,22,22,32,32,22,32,32,22,37,57,519.0
santiago del estero,sarmiento,22,22,22,22,37,37,22,42,37,22,37,22,521.0
santiago del estero,silipica,22,22,22,22,27,32,22,27,32,22,37,67,518.0
tierra del fuego,rio grande,32,32,32,32,42,62,32,42,57,32,42,67,287.0
tierra del fuego,tolhuin,32,32,27,22,32,62,22,32,42,22,42,67,600.0
tierra del fuego,ushuaia,32,32,32,27,42,57,27,42,57,27,42,32,444.0
tucuman,burruyacu,22,22,22,22,22,27,22,27,52,22,22,27,485.0
tucuman,capital,27,27,27,27,27,52,27,27,52,22,32,32,482.0
tucuman,chicligasta,22,22,22,22,22,52,22,22,57,22,22,52,476.0
tucuman,cruz alta,22,22,22,22,42,52,22,42,52,22,42,37,483.0
tucuman,famailla,22,22,22,22,27,52,22,27,57,22,27,52,481.0
tucuman,graneros,22,22,22,22,22,32,22,32,32,22,42,32,473.0
tucuman,juan bautista alberdi,27,27,27,27,27,67,22,27,67,27,27,72,474.0
tucuman,la cocha,27,27,27,27,22,62,27,22,52,27,22,62,472.0
tucuman,leales,22,27,22,22,42,27,27,27,27,22,22,22,480.0
tucuman,lules,22,22,22,22,42,47,22,42,47,22,42,37,478.0
tucuman,monteros,22,22,27,22,22,32,22,22,37,27,22,32,479.0
tucuman,rio chico,27,22,27,27,22,27,27,22,22,27,42,27,475.0
tucuman,simoca,22,22,22,22,22,47,22,22,47,22,22,47,477.0
tucuman,tafi del valle,22,22,22,22,32,32,22,32,32,22,22,42,487.0
tucuman,tafi viejo,22,22,22,22,47,42,22,47,52,22,47,42,486.0
tucuman,trancas,22,22,22,22,27,42,22,22,42,22,27,47,490.0
tucuman,yerba buena,22,22,22,22,47,52,22,52,52,22,47,42,484.0
